{
    "last_backup": {
        "0895eb9405a121b60c3b512939ad586d_ead74568b738dddb5dcaa76cf1643668_8.docx": 1690987139.2928317,
        "2022\u5e74\u4e0b\u534a\u5e74\u82f1\u8bed\u56db\u7ea7\u7b14\u8bd5\u51c6\u8003\u8bc1(360781200405043610).zip": 1690987139.294395,
        "american-born-chinese.pdf": 1690987153.995905,
        "annotated-Peer%20review%20sheet%283%29.docx.pdf": 1690987153.995905,
        "annotated-Planning%20sheet%202-1.docx.pdf": 1690987154.0114298,
        "Assignment 1-1.pdf": 1690987139.294395,
        "assignment7.docx": 1690987154.0270834,
        "assignment_6.pdf": 1690987154.042695,
        "C01_a.jpg": 1690987139.3431964,
        "Chapter 10 Multiple Choice Questions.docx": 1690987139.3747284,
        "Chapter 11 multiple choice questions.docx": 1690987139.3885233,
        "Chapter 12 multiple choice questions.docx": 1690987139.404078,
        "Chapter 18 Recursion.docx": 1690987139.419989,
        "Chapter 8 Multiple choice questions.docx": 1690987139.4356441,
        "Chapter 9 Multiple choice questions (1).docx": 1690987139.4672394,
        "Chapter 9 Multiple choice questions.docx": 1690987139.4829936,
        "Class 6b Final task.docx": 1690987139.5142817,
        "CPS2231 FinalProject TA.zip": 1690987139.3731813,
        "Eng 1430 \u7a3f\u5b50.docx": 1690987139.5142817,
        "Evaluation essay.pptm": 1690987139.5770812,
        "Final Exam Formula Sheet - MATH2415.pdf": 1690987139.5770812,
        "ge.docx": 1690987154.042695,
        "Gradescope questions 1.docx": 1690987139.592848,
        "InClass Practice  for review session 2.docx": 1690987139.5979047,
        "InClass Practice for recursion.docx": 1690987139.6249702,
        "InClass practice for review session 1.docx": 1690987139.6410344,
        "InClass practice for review session 3-1.docx": 1690987139.656717,
        "index.m3u8": 1690987154.105465,
        "jetbrains-toolbox-1.27.2.13801.exe": 1690987154.8281136,
        "Lab Exercise for Chapter 9 for 23SPWZ-1.docx": 1690987139.6881158,
        "Lab Exercise for Chapter10 23SPWZ V1.0.docx": 1690987139.7138512,
        "Lab Exercise for Chapter12 for 23SPWZ final.docx": 1690987139.7354774,
        "Lab Exercise for Chapter17.docx": 1690987139.7514648,
        "Lab Exercise for Chapter8 for 23SPWZ V1.docx": 1690987139.7832503,
        "Lab Exercise for Recursion CPS2231 23SPWZ.docx": 1690987139.7996495,
        "Lab for Chapter11 for 23SPWZ final.docx": 1690987139.8151941,
        "LockDownBrowser-2-1-0-02.exe": 1690987141.3082697,
        "NetKeeper_5.4.0.5221-zhejiang.exe": 1690987142.3304422,
        "Peer review marking sheets.docx": 1690987143.2578778,
        "Peer review sheet.docx": 1690987143.273587,
        "planning sheet 1 arg (1).docx": 1690987154.85935,
        "planning sheet 1 arg.docx": 1690987154.85935,
        "Planning sheet 1.docx": 1690987143.273587,
        "Planning sheet 2 (1).docx": 1690987143.273587,
        "Planning sheet 2.docx": 1690987143.273587,
        "processed-23898787-ee11-46b7-b553-99ed34095356_PH7p1O3U.jpeg": 1690987154.8749735,
        "processed-58105328-a4a8-479b-8fd8-ccc6d08b1f10_MtaL6O9x.jpeg": 1690987154.8749735,
        "processed-78a781ff-36d1-4da2-b49e-b3a86d3ab631_KrITwEr8.jpeg": 1690987154.906227,
        "processed-a78ac786-218f-434d-941f-a87ffb19efaa_83Qv8c69.jpeg": 1690987154.9218562,
        "Project Topic for 23SPWZ V1.0.docx": 1690987143.273587,
        "Response.docx": 1690987143.2895885,
        "Rhetorical Analysis Essay-1.docx": 1690987143.2913945,
        "SteamSetup (1).exe": 1690987143.2913945,
        "SteamSetup (2).exe": 1690987143.3251262,
        "SteamSetup.exe": 1690987143.3528492,
        "summer-campus-by-zhangxingu.jpg": 1690987154.9374692,
        "The ideal personality.pptx": 1690987143.3943374,
        "This semester.docx": 1690987143.399948,
        "W3 Reading 3.docx": 1690987143.399948,
        "WebAdvisor.htm": 1690987143.399948,
        "~$ Reading 3.docx": 1690987154.9533303,
        "~$adescope questions 1.docx": 1690987154.954942,
        "~$anning sheet 1 arg (1).docx": 1690987154.9613602,
        "~$anning sheet 1 arg.docx": 1690987154.9690454,
        "~$apter 10 Multiple Choice Questions.docx": 1690987154.9690454,
        "~$apter 11 multiple choice questions.docx": 1690987154.9690454,
        "~$apter 12 multiple choice questions.docx": 1690987154.9846804,
        "~$apter 18 Recursion.docx": 1690987154.9853044,
        "~$apter 8 Multiple choice questions.docx": 1690987154.9853044,
        "~$apter 9 Multiple choice questions.docx": 1690987154.9853044,
        "~$b Exercise for Chapter 9 for 23SPWZ-1.docx": 1690987154.9964647,
        "~$b Exercise for Chapter10 23SPWZ V1.0.docx": 1690987154.9964647,
        "~$b Exercise for Chapter12 for 23SPWZ final.docx": 1690987155.0011568,
        "~$b Exercise for Chapter8 for 23SPWZ V1.docx": 1690987155.004201,
        "~$b for Chapter11 for 23SPWZ final.docx": 1690987155.004201,
        "~$Evaluation essay.pptm": 1690987154.954942,
        "~$g 1430 \u7a3f\u5b50.docx": 1690987155.0324643,
        "~$is semester.docx": 1690987155.0324643,
        "~$oject Topic for 23SPWZ V1.0.docx": 1690987155.0324643,
        "~$signment7.docx": 1690987155.0483813,
        "~$sponse.docx": 1690987155.0483813,
        "~WRL0003.tmp": 1690987155.0483813,
        "~WRL0774.tmp": 1690987155.0544043,
        "~WRL3757.tmp": 1690987155.0544043,
        "~WRL3954.tmp": 1690987155.0643952,
        "\u4e07\u5723\u8282 \u4eba\u5458\u62db\u52df\u53ca\u57f9\u8bad.pptx": 1690987155.0806012,
        "\u5bb6\u4e61\u7684\u6587\u5316 \u74f7\u5668.docx": 1690987155.0806012,
        "\u5fae\u4fe1\u56fe\u7247_20220905215630.jpg": 1690987155.096096,
        "\u5fae\u4fe1\u56fe\u7247_20221031011952.jpg": 1690987155.096096,
        "\u5fae\u4fe1\u56fe\u7247_20221115153158.jpg": 1690987155.096096,
        "\u65b0\u5efa DOCX \u6587\u6863.docx": 1690987155.1285462,
        "CPS2231 FinalProject TA\\.gitignore": 1690987155.1285462,
        "CPS2231 FinalProject TA\\0.txt": 1690987155.1757665,
        "CPS2231 FinalProject TA\\1.txt": 1690987155.1757665,
        "CPS2231 FinalProject TA\\2.txt": 1690987155.1855013,
        "CPS2231 FinalProject TA\\3.txt": 1690987155.191683,
        "CPS2231 FinalProject TA\\4.txt": 1690987155.191683,
        "CPS2231 FinalProject TA\\5.txt": 1690987155.2005124,
        "CPS2231 FinalProject TA\\6.txt": 1690987155.2005124,
        "CPS2231 FinalProject TA\\7.txt": 1690987155.2005124,
        "CPS2231 FinalProject TA\\8.txt": 1690987155.207524,
        "CPS2231 FinalProject TA\\9.txt": 1690987155.207524,
        "CPS2231 FinalProject TA\\CPS2231 FinalProject TA.iml": 1690987155.207524,
        "CPS2231 FinalProject TA\\.idea\\.gitignore": 1690987155.2146,
        "CPS2231 FinalProject TA\\.idea\\misc.xml": 1690987155.2173066,
        "CPS2231 FinalProject TA\\.idea\\modules.xml": 1690987155.2232516,
        "CPS2231 FinalProject TA\\.idea\\workspace.xml": 1690987155.2241144,
        "CPS2231 FinalProject TA\\.idea\\codeStyles\\codeStyleConfig.xml": 1690987155.2310503,
        "CPS2231 FinalProject TA\\.idea\\codeStyles\\Project.xml": 1690987155.2268372,
        "CPS2231 FinalProject TA\\.idea\\inspectionProfiles\\Project_Default.xml": 1690987155.2310503,
        "CPS2231 FinalProject TA\\CPS2231 FinalProject TA\\.gitignore": 1690987155.2393281,
        "CPS2231 FinalProject TA\\CPS2231 FinalProject TA\\0.txt": 1690987155.2393281,
        "CPS2231 FinalProject TA\\CPS2231 FinalProject TA\\1.txt": 1690987155.2441213,
        "CPS2231 FinalProject TA\\CPS2231 FinalProject TA\\2.txt": 1690987155.2441213,
        "CPS2231 FinalProject TA\\CPS2231 FinalProject TA\\3.txt": 1690987155.2441213,
        "CPS2231 FinalProject TA\\CPS2231 FinalProject TA\\4.txt": 1690987155.2441213,
        "CPS2231 FinalProject TA\\CPS2231 FinalProject TA\\5.txt": 1690987155.2441213,